[
  {
    "exp": 0,
    "lvl": 1,
    "diff": 50
  },
  {
    "exp": 50,
    "lvl": 2,
    "diff": 62
  },
  {
    "exp": 112,
    "lvl": 3,
    "diff": 74
  },
  {
    "exp": 186,
    "lvl": 4,
    "diff": 86
  },
  {
    "exp": 272,
    "lvl": 5,
    "diff": 98
  },
  {
    "exp": 370,
    "lvl": 6,
    "diff": 110
  },
  {
    "exp": 480,
    "lvl": 7,
    "diff": 123
  },
  {
    "exp": 603,
    "lvl": 8,
    "diff": 136
  },
  {
    "exp": 739,
    "lvl": 9,
    "diff": 149
  },
  {
    "exp": 888,
    "lvl": 10,
    "diff": 162
  },
  {
    "exp": 1050,
    "lvl": 11,
    "diff": 175
  },
  {
    "exp": 1225,
    "lvl": 12,
    "diff": 188
  },
  {
    "exp": 1413,
    "lvl": 13,
    "diff": 201
  },
  {
    "exp": 1614,
    "lvl": 14,
    "diff": 214
  },
  {
    "exp": 1828,
    "lvl": 15,
    "diff": 227
  },
  {
    "exp": 2055,
    "lvl": 16,
    "diff": 240
  },
  {
    "exp": 2295,
    "lvl": 17,
    "diff": 253
  },
  {
    "exp": 2548,
    "lvl": 18,
    "diff": 266
  },
  {
    "exp": 2814,
    "lvl": 19,
    "diff": 279
  },
  {
    "exp": 3093,
    "lvl": 20,
    "diff": 292
  },
  {
    "exp": 3385,
    "lvl": 21,
    "diff": 305
  },
  {
    "exp": 3690,
    "lvl": 22,
    "diff": 318
  },
  {
    "exp": 4008,
    "lvl": 23,
    "diff": 331
  },
  {
    "exp": 4339,
    "lvl": 24,
    "diff": 344
  },
  {
    "exp": 4683,
    "lvl": 25,
    "diff": 357
  },
  {
    "exp": 5040,
    "lvl": 26,
    "diff": 370
  },
  {
    "exp": 5410,
    "lvl": 27,
    "diff": 383
  },
  {
    "exp": 5793,
    "lvl": 28,
    "diff": 396
  },
  {
    "exp": 6189,
    "lvl": 29,
    "diff": 409
  },
  {
    "exp": 6598,
    "lvl": 30,
    "diff": 422
  },
  {
    "exp": 7020,
    "lvl": 31,
    "diff": 435
  },
  {
    "exp": 7455,
    "lvl": 32,
    "diff": 448
  },
  {
    "exp": 7903,
    "lvl": 33,
    "diff": 461
  },
  {
    "exp": 8364,
    "lvl": 34,
    "diff": 474
  },
  {
    "exp": 8838,
    "lvl": 35,
    "diff": 487
  },
  {
    "exp": 9325,
    "lvl": 36,
    "diff": 500
  },
  {
    "exp": 9825,
    "lvl": 37,
    "diff": 514
  },
  {
    "exp": 10339,
    "lvl": 38,
    "diff": 528
  },
  {
    "exp": 10867,
    "lvl": 39,
    "diff": 542
  },
  {
    "exp": 11409,
    "lvl": 40,
    "diff": 556
  },
  {
    "exp": 11965,
    "lvl": 41,
    "diff": 570
  },
  {
    "exp": 12535,
    "lvl": 42,
    "diff": 584
  },
  {
    "exp": 13119,
    "lvl": 43,
    "diff": 598
  },
  {
    "exp": 13717,
    "lvl": 44,
    "diff": 612
  },
  {
    "exp": 14329,
    "lvl": 45,
    "diff": 626
  },
  {
    "exp": 14955,
    "lvl": 46,
    "diff": 640
  },
  {
    "exp": 15595,
    "lvl": 47,
    "diff": 654
  },
  {
    "exp": 16249,
    "lvl": 48,
    "diff": 668
  },
  {
    "exp": 16917,
    "lvl": 49,
    "diff": 682
  },
  {
    "exp": 17599,
    "lvl": 50,
    "diff": 696
  },
  {
    "exp": 18295,
    "lvl": 51,
    "diff": 710
  },
  {
    "exp": 19005,
    "lvl": 52,
    "diff": 724
  },
  {
    "exp": 19729,
    "lvl": 53,
    "diff": 738
  },
  {
    "exp": 20467,
    "lvl": 54,
    "diff": 752
  },
  {
    "exp": 21219,
    "lvl": 55,
    "diff": 766
  },
  {
    "exp": 21985,
    "lvl": 56,
    "diff": 780
  },
  {
    "exp": 22765,
    "lvl": 57,
    "diff": 794
  },
  {
    "exp": 23559,
    "lvl": 58,
    "diff": 808
  },
  {
    "exp": 24367,
    "lvl": 59,
    "diff": 822
  },
  {
    "exp": 25189,
    "lvl": 60,
    "diff": 836
  },
  {
    "exp": 26025,
    "lvl": 61,
    "diff": 850
  },
  {
    "exp": 26875,
    "lvl": 62,
    "diff": 864
  },
  {
    "exp": 27739,
    "lvl": 63,
    "diff": 878
  },
  {
    "exp": 28617,
    "lvl": 64,
    "diff": 892
  },
  {
    "exp": 29509,
    "lvl": 65,
    "diff": 906
  },
  {
    "exp": 30415,
    "lvl": 66,
    "diff": 920
  },
  {
    "exp": 31335,
    "lvl": 67,
    "diff": 934
  },
  {
    "exp": 32269,
    "lvl": 68,
    "diff": 948
  },
  {
    "exp": 33217,
    "lvl": 69,
    "diff": 962
  },
  {
    "exp": 34179,
    "lvl": 70,
    "diff": 976
  },
  {
    "exp": 35155,
    "lvl": 71,
    "diff": 990
  },
  {
    "exp": 36145,
    "lvl": 72,
    "diff": 1004
  },
  {
    "exp": 37149,
    "lvl": 73,
    "diff": 1018
  },
  {
    "exp": 38167,
    "lvl": 74,
    "diff": 1032
  },
  {
    "exp": 39199,
    "lvl": 75,
    "diff": 1046
  },
  {
    "exp": 40245,
    "lvl": 76,
    "diff": 1060
  },
  {
    "exp": 41305,
    "lvl": 77,
    "diff": 1074
  },
  {
    "exp": 42379,
    "lvl": 78,
    "diff": 1088
  },
  {
    "exp": 43467,
    "lvl": 79,
    "diff": 1102
  },
  {
    "exp": 44569,
    "lvl": 80,
    "diff": 1116
  },
  {
    "exp": 45685,
    "lvl": 81,
    "diff": 1130
  },
  {
    "exp": 46815,
    "lvl": 82,
    "diff": 1144
  },
  {
    "exp": 47959,
    "lvl": 83,
    "diff": 1158
  },
  {
    "exp": 49117,
    "lvl": 84,
    "diff": 1172
  },
  {
    "exp": 50289,
    "lvl": 85,
    "diff": 1186
  },
  {
    "exp": 51475,
    "lvl": 86,
    "diff": 1200
  },
  {
    "exp": 52675,
    "lvl": 87,
    "diff": 1214
  },
  {
    "exp": 53889,
    "lvl": 88,
    "diff": 1228
  },
  {
    "exp": 55117,
    "lvl": 89,
    "diff": 1242
  },
  {
    "exp": 56359,
    "lvl": 90,
    "diff": 1256
  },
  {
    "exp": 57615,
    "lvl": 91,
    "diff": 1270
  },
  {
    "exp": 58885,
    "lvl": 92,
    "diff": 1284
  },
  {
    "exp": 60169,
    "lvl": 93,
    "diff": 1298
  },
  {
    "exp": 61467,
    "lvl": 94,
    "diff": 1312
  },
  {
    "exp": 62779,
    "lvl": 95,
    "diff": 1326
  },
  {
    "exp": 64105,
    "lvl": 96,
    "diff": 1340
  },
  {
    "exp": 65445,
    "lvl": 97,
    "diff": 1354
  },
  {
    "exp": 66799,
    "lvl": 98,
    "diff": 1368
  },
  {
    "exp": 68167,
    "lvl": 99,
    "diff": 1382
  },
  {
    "exp": 69549,
    "lvl": 100,
    "diff": 1396
  },
  {
    "exp": 70945,
    "lvl": 101,
    "diff": 1410
  },
  {
    "exp": 72355,
    "lvl": 102,
    "diff": 1424
  },
  {
    "exp": 73779,
    "lvl": 103,
    "diff": 1438
  },
  {
    "exp": 75217,
    "lvl": 104,
    "diff": 1452
  },
  {
    "exp": 76669,
    "lvl": 105,
    "diff": 1466
  },
  {
    "exp": 78135,
    "lvl": 106,
    "diff": 1480
  },
  {
    "exp": 79615,
    "lvl": 107,
    "diff": 1494
  },
  {
    "exp": 81109,
    "lvl": 108,
    "diff": 1508
  },
  {
    "exp": 82617,
    "lvl": 109,
    "diff": 1522
  },
  {
    "exp": 84139,
    "lvl": 110,
    "diff": 1536
  },
  {
    "exp": 85675,
    "lvl": 111,
    "diff": 1550
  },
  {
    "exp": 87225,
    "lvl": 112,
    "diff": 1564
  },
  {
    "exp": 88789,
    "lvl": 113,
    "diff": 1578
  },
  {
    "exp": 90367,
    "lvl": 114,
    "diff": 1592
  },
  {
    "exp": 91959,
    "lvl": 115,
    "diff": 1606
  },
  {
    "exp": 93565,
    "lvl": 116,
    "diff": 1620
  },
  {
    "exp": 95185,
    "lvl": 117,
    "diff": 1634
  },
  {
    "exp": 96819,
    "lvl": 118,
    "diff": 1648
  },
  {
    "exp": 98467,
    "lvl": 119,
    "diff": 1662
  },
  {
    "exp": 100129,
    "lvl": 120,
    "diff": 1676
  },
  {
    "exp": 101805,
    "lvl": 121,
    "diff": 1690
  },
  {
    "exp": 103495,
    "lvl": 122,
    "diff": 1704
  },
  {
    "exp": 105199,
    "lvl": 123,
    "diff": 1718
  },
  {
    "exp": 106917,
    "lvl": 124,
    "diff": 1732
  },
  {
    "exp": 108649,
    "lvl": 125,
    "diff": 1746
  },
  {
    "exp": 110395,
    "lvl": 126,
    "diff": 1760
  },
  {
    "exp": 112155,
    "lvl": 127,
    "diff": 1774
  },
  {
    "exp": 113929,
    "lvl": 128,
    "diff": 1788
  },
  {
    "exp": 115717,
    "lvl": 129,
    "diff": 1802
  },
  {
    "exp": 117519,
    "lvl": 130,
    "diff": 1817
  },
  {
    "exp": 119336,
    "lvl": 131,
    "diff": 1832
  },
  {
    "exp": 121168,
    "lvl": 132,
    "diff": 1847
  },
  {
    "exp": 123015,
    "lvl": 133,
    "diff": 1862
  },
  {
    "exp": 124877,
    "lvl": 134,
    "diff": 1877
  },
  {
    "exp": 126754,
    "lvl": 135,
    "diff": 1892
  },
  {
    "exp": 128646,
    "lvl": 136,
    "diff": 1907
  },
  {
    "exp": 130553,
    "lvl": 137,
    "diff": 1922
  },
  {
    "exp": 132475,
    "lvl": 138,
    "diff": 1937
  },
  {
    "exp": 134412,
    "lvl": 139,
    "diff": 1952
  },
  {
    "exp": 136364,
    "lvl": 140,
    "diff": 1967
  },
  {
    "exp": 138331,
    "lvl": 141,
    "diff": 1982
  },
  {
    "exp": 140313,
    "lvl": 142,
    "diff": 1997
  },
  {
    "exp": 142310,
    "lvl": 143,
    "diff": 2012
  },
  {
    "exp": 144322,
    "lvl": 144,
    "diff": 2027
  },
  {
    "exp": 146349,
    "lvl": 145,
    "diff": 2042
  },
  {
    "exp": 148391,
    "lvl": 146,
    "diff": 2057
  },
  {
    "exp": 150448,
    "lvl": 147,
    "diff": 2072
  },
  {
    "exp": 152520,
    "lvl": 148,
    "diff": 2087
  },
  {
    "exp": 154607,
    "lvl": 149,
    "diff": 2102
  },
  {
    "exp": 156709,
    "lvl": 150,
    "diff": 2117
  },
  {
    "exp": 158826,
    "lvl": 151,
    "diff": 2132
  },
  {
    "exp": 160958,
    "lvl": 152,
    "diff": 2147
  },
  {
    "exp": 163105,
    "lvl": 153,
    "diff": 2162
  },
  {
    "exp": 165267,
    "lvl": 154,
    "diff": 2177
  },
  {
    "exp": 167444,
    "lvl": 155,
    "diff": 2192
  },
  {
    "exp": 169636,
    "lvl": 156,
    "diff": 2207
  },
  {
    "exp": 171843,
    "lvl": 157,
    "diff": 2222
  },
  {
    "exp": 174065,
    "lvl": 158,
    "diff": 2237
  },
  {
    "exp": 176302,
    "lvl": 159,
    "diff": 2252
  },
  {
    "exp": 178554,
    "lvl": 160,
    "diff": 2267
  },
  {
    "exp": 180821,
    "lvl": 161,
    "diff": 2282
  },
  {
    "exp": 183103,
    "lvl": 162,
    "diff": 2297
  },
  {
    "exp": 185400,
    "lvl": 163,
    "diff": 2312
  },
  {
    "exp": 187712,
    "lvl": 164,
    "diff": 2327
  },
  {
    "exp": 190039,
    "lvl": 165,
    "diff": 2342
  },
  {
    "exp": 192381,
    "lvl": 166,
    "diff": 2357
  },
  {
    "exp": 194738,
    "lvl": 167,
    "diff": 2372
  },
  {
    "exp": 197110,
    "lvl": 168,
    "diff": 2387
  },
  {
    "exp": 199497,
    "lvl": 169,
    "diff": 2402
  },
  {
    "exp": 201899,
    "lvl": 170,
    "diff": 2417
  },
  {
    "exp": 204316,
    "lvl": 171,
    "diff": 2432
  },
  {
    "exp": 206748,
    "lvl": 172,
    "diff": 2447
  },
  {
    "exp": 209195,
    "lvl": 173,
    "diff": 2462
  },
  {
    "exp": 211657,
    "lvl": 174,
    "diff": 2477
  },
  {
    "exp": 214134,
    "lvl": 175,
    "diff": 2492
  },
  {
    "exp": 216626,
    "lvl": 176,
    "diff": 2507
  },
  {
    "exp": 219133,
    "lvl": 177,
    "diff": 2522
  },
  {
    "exp": 221655,
    "lvl": 178,
    "diff": 2537
  },
  {
    "exp": 224192,
    "lvl": 179,
    "diff": 2552
  },
  {
    "exp": 226744,
    "lvl": 180,
    "diff": 2567
  },
  {
    "exp": 229311,
    "lvl": 181,
    "diff": 2582
  },
  {
    "exp": 231893,
    "lvl": 182,
    "diff": 2597
  },
  {
    "exp": 234490,
    "lvl": 183,
    "diff": 2612
  },
  {
    "exp": 237102,
    "lvl": 184,
    "diff": 2627
  },
  {
    "exp": 239729,
    "lvl": 185,
    "diff": 2642
  },
  {
    "exp": 242371,
    "lvl": 186,
    "diff": 2657
  },
  {
    "exp": 245028,
    "lvl": 187,
    "diff": 2672
  },
  {
    "exp": 247700,
    "lvl": 188,
    "diff": 2687
  },
  {
    "exp": 250387,
    "lvl": 189,
    "diff": 2702
  },
  {
    "exp": 253089,
    "lvl": 190,
    "diff": 2717
  },
  {
    "exp": 255806,
    "lvl": 191,
    "diff": 2732
  },
  {
    "exp": 258538,
    "lvl": 192,
    "diff": 2747
  },
  {
    "exp": 261285,
    "lvl": 193,
    "diff": 2762
  },
  {
    "exp": 264047,
    "lvl": 194,
    "diff": 2777
  },
  {
    "exp": 266824,
    "lvl": 195,
    "diff": 2792
  },
  {
    "exp": 269616,
    "lvl": 196,
    "diff": 2807
  },
  {
    "exp": 272423,
    "lvl": 197,
    "diff": 2822
  },
  {
    "exp": 275245,
    "lvl": 198,
    "diff": 2837
  },
  {
    "exp": 278082,
    "lvl": 199,
    "diff": 2852
  },
  {
    "exp": 280934,
    "lvl": 200,
    "diff": 2867
  },
  {
    "exp": 283801,
    "lvl": 201,
    "diff": 2882
  },
  {
    "exp": 286683,
    "lvl": 202,
    "diff": 2897
  },
  {
    "exp": 289580,
    "lvl": 203,
    "diff": 2912
  },
  {
    "exp": 292492,
    "lvl": 204,
    "diff": 2927
  },
  {
    "exp": 295419,
    "lvl": 205,
    "diff": 2942
  },
  {
    "exp": 298361,
    "lvl": 206,
    "diff": 2957
  },
  {
    "exp": 301318,
    "lvl": 207,
    "diff": 2972
  },
  {
    "exp": 304290,
    "lvl": 208,
    "diff": 2987
  },
  {
    "exp": 307277,
    "lvl": 209,
    "diff": 3002
  },
  {
    "exp": 310279,
    "lvl": 210,
    "diff": 3017
  },
  {
    "exp": 313296,
    "lvl": 211,
    "diff": 3032
  },
  {
    "exp": 316328,
    "lvl": 212,
    "diff": 3047
  },
  {
    "exp": 319375,
    "lvl": 213,
    "diff": 3062
  },
  {
    "exp": 322437,
    "lvl": 214,
    "diff": 3077
  },
  {
    "exp": 325514,
    "lvl": 215,
    "diff": 3092
  },
  {
    "exp": 328606,
    "lvl": 216,
    "diff": 3107
  },
  {
    "exp": 331713,
    "lvl": 217,
    "diff": 3122
  },
  {
    "exp": 334835,
    "lvl": 218,
    "diff": 3137
  },
  {
    "exp": 337972,
    "lvl": 219,
    "diff": 3152
  },
  {
    "exp": 341124,
    "lvl": 220,
    "diff": 3167
  },
  {
    "exp": 344291,
    "lvl": 221,
    "diff": 3182
  },
  {
    "exp": 347473,
    "lvl": 222,
    "diff": 3197
  },
  {
    "exp": 350670,
    "lvl": 223,
    "diff": 3212
  },
  {
    "exp": 353882,
    "lvl": 224,
    "diff": 3227
  },
  {
    "exp": 357109,
    "lvl": 225,
    "diff": 3242
  },
  {
    "exp": 360351,
    "lvl": 226,
    "diff": 3257
  },
  {
    "exp": 363608,
    "lvl": 227,
    "diff": 3272
  },
  {
    "exp": 366880,
    "lvl": 228,
    "diff": 3287
  },
  {
    "exp": 370167,
    "lvl": 229,
    "diff": 3302
  },
  {
    "exp": 373469,
    "lvl": 230,
    "diff": 3317
  },
  {
    "exp": 376786,
    "lvl": 231,
    "diff": 3332
  },
  {
    "exp": 380118,
    "lvl": 232,
    "diff": 3347
  },
  {
    "exp": 383465,
    "lvl": 233,
    "diff": 3362
  },
  {
    "exp": 386827,
    "lvl": 234,
    "diff": 3377
  },
  {
    "exp": 390204,
    "lvl": 235,
    "diff": 3392
  },
  {
    "exp": 393596,
    "lvl": 236,
    "diff": 3407
  },
  {
    "exp": 397003,
    "lvl": 237,
    "diff": 3422
  },
  {
    "exp": 400425,
    "lvl": 238,
    "diff": 3437
  },
  {
    "exp": 403862,
    "lvl": 239,
    "diff": 3452
  },
  {
    "exp": 407314,
    "lvl": 240,
    "diff": 3467
  },
  {
    "exp": 410781,
    "lvl": 241,
    "diff": 3482
  },
  {
    "exp": 414263,
    "lvl": 242,
    "diff": 3497
  },
  {
    "exp": 417760,
    "lvl": 243,
    "diff": 3512
  },
  {
    "exp": 421272,
    "lvl": 244,
    "diff": 3527
  },
  {
    "exp": 424799,
    "lvl": 245,
    "diff": 3542
  },
  {
    "exp": 428341,
    "lvl": 246,
    "diff": 3557
  },
  {
    "exp": 431898,
    "lvl": 247,
    "diff": 3572
  },
  {
    "exp": 435470,
    "lvl": 248,
    "diff": 3587
  },
  {
    "exp": 439057,
    "lvl": 249,
    "diff": 3602
  },
  {
    "exp": 442659,
    "lvl": 250,
    "diff": 3617
  },
  {
    "exp": 446276,
    "lvl": 251,
    "diff": 3632
  },
  {
    "exp": 449908,
    "lvl": 252,
    "diff": 3647
  },
  {
    "exp": 453555,
    "lvl": 253,
    "diff": 3662
  },
  {
    "exp": 457217,
    "lvl": 254,
    "diff": 3677
  },
  {
    "exp": 460894,
    "lvl": 255,
    "diff": 3692
  },
  {
    "exp": 464586,
    "lvl": 256,
    "diff": 3707
  }
]
